Model,Accuracy,Precision,Recall,F1-score,ROC-AUC
Logistic Regression (Baseline),0.9583333333333334,0.9746835443037974,0.9625,0.9685534591194969,0.9878125
Decision Tree (Baseline),0.975,0.9753086419753086,0.9875,0.9813664596273292,0.96875
Decision Tree (Tuned),0.975,0.963855421686747,1.0,0.9815950920245399,0.98625
